make,model,variant,fuel,transmission,engine_cc,year_from,year_to,spec.General.Body type,spec.General.Seating capacity
Maruti Suzuki,Swift,LXi,Petrol,Manual,1197,2011,2017,Hatchback,5
Maruti Suzuki,Swift,VXi,Petrol,Manual,1197,2011,2017,Hatchback,5
Maruti Suzuki,Swift,ZXi,Petrol,Manual,1197,2011,2017,Hatchback,5
Maruti Suzuki,Swift,LDi,Diesel,Manual,1248,2011,2017,Hatchback,5
Maruti Suzuki,Swift,VDi,Diesel,Manual,1248,2011,2017,Hatchback,5
Maruti Suzuki,Swift,ZDi,Diesel,Manual,1248,2011,2017,Hatchback,5
Maruti Suzuki,Swift,LXi,Petrol,Manual,1197,2018,2023,Hatchback,5
Maruti Suzuki,Swift,VXi,Petrol,Manual,1197,2018,2023,Hatchback,5
Maruti Suzuki,Swift,ZXi,Petrol,Manual,1197,2018,2023,Hatchback,5
Maruti Suzuki,Swift,ZXi+,Petrol,Manual,1197,2018,2023,Hatchback,5
Maruti Suzuki,Swift,VXi AMT,Petrol,Automatic,1197,2018,2023,Hatchback,5
Maruti Suzuki,Swift,ZXi AMT,Petrol,Automatic,1197,2018,2023,Hatchback,5
Maruti Suzuki,Swift,ZXi+ AMT,Petrol,Automatic,1197,2018,2023,Hatchback,5
Maruti Suzuki,Swift,LDi,Diesel,Manual,1248,2018,2020,Hatchback,5
Maruti Suzuki,Swift,VDi,Diesel,Manual,1248,2018,2020,Hatchback,5
Maruti Suzuki,Swift,ZDi,Diesel,Manual,1248,2018,2020,Hatchback,5
Maruti Suzuki,Swift,ZDi+,Diesel,Manual,1248,2018,2020,Hatchback,5
Maruti Suzuki,Baleno,Sigma,Petrol,Manual,1197,2015,2022,Hatchback,5
Maruti Suzuki,Baleno,Delta,Petrol,Manual,1197,2015,2022,Hatchback,5
Maruti Suzuki,Baleno,Zeta,Petrol,Manual,1197,2015,2022,Hatchback,5
Maruti Suzuki,Baleno,Alpha,Petrol,Manual,1197,2015,2022,Hatchback,5
Maruti Suzuki,Baleno,Delta CVT,Petrol,Automatic,1197,2016,2022,Hatchback,5
Maruti Suzuki,Baleno,Zeta CVT,Petrol,Automatic,1197,2016,2022,Hatchback,5
Maruti Suzuki,Baleno,Alpha CVT,Petrol,Automatic,1197,2016,2022,Hatchback,5
Maruti Suzuki,Baleno,Sigma,Diesel,Manual,1248,2015,2019,Hatchback,5
Maruti Suzuki,Baleno,Delta,Diesel,Manual,1248,2015,2019,Hatchback,5
Maruti Suzuki,Baleno,Zeta,Diesel,Manual,1248,2015,2019,Hatchback,5
Maruti Suzuki,Baleno,Alpha,Diesel,Manual,1248,2015,2019,Hatchback,5
Maruti Suzuki,Dzire,LXi,Petrol,Manual,1197,2012,2016,Sedan,5
Maruti Suzuki,Dzire,VXi,Petrol,Manual,1197,2012,2016,Sedan,5
Maruti Suzuki,Dzire,ZXi,Petrol,Manual,1197,2012,2016,Sedan,5
Maruti Suzuki,Dzire,LDi,Diesel,Manual,1248,2012,2016,Sedan,5
Maruti Suzuki,Dzire,VDi,Diesel,Manual,1248,2012,2016,Sedan,5
Maruti Suzuki,Dzire,ZDi,Diesel,Manual,1248,2012,2016,Sedan,5
Maruti Suzuki,Dzire,LXi,Petrol,Manual,1197,2017,2023,Sedan,5
Maruti Suzuki,Dzire,VXi,Petrol,Manual,1197,2017,2023,Sedan,5
Maruti Suzuki,Dzire,ZXi,Petrol,Manual,1197,2017,2023,Sedan,5
Maruti Suzuki,Dzire,ZXi+,Petrol,Manual,1197,2017,2023,Sedan,5
Maruti Suzuki,Dzire,VXi AMT,Petrol,Automatic,1197,2017,2023,Sedan,5
Maruti Suzuki,Dzire,ZXi AMT,Petrol,Automatic,1197,2017,2023,Sedan,5
Maruti Suzuki,Dzire,ZXi+ AMT,Petrol,Automatic,1197,2017,2023,Sedan,5
Maruti Suzuki,Dzire,LDi,Diesel,Manual,1248,2017,2020,Sedan,5
Maruti Suzuki,Dzire,VDi,Diesel,Manual,1248,2017,2020,Sedan,5
Maruti Suzuki,Dzire,ZDi,Diesel,Manual,1248,2017,2020,Sedan,5
Maruti Suzuki,Dzire,ZDi+,Diesel,Manual,1248,2017,2020,Sedan,5
Maruti Suzuki,Wagon R,LXi,Petrol,Manual,998,2010,2018,Hatchback,5
Maruti Suzuki,Wagon R,VXi,Petrol,Manual,998,2010,2018,Hatchback,5
Maruti Suzuki,Wagon R,1.0 LXi,Petrol,Manual,998,2019,2024,Hatchback,5
Maruti Suzuki,Wagon R,1.0 VXi,Petrol,Manual,998,2019,2024,Hatchback,5
Maruti Suzuki,Wagon R,1.0 ZXi,Petrol,Manual,998,2019,2024,Hatchback,5
Maruti Suzuki,Wagon R,1.2 VXi,Petrol,Manual,1197,2019,2024,Hatchback,5
Maruti Suzuki,Wagon R,1.2 ZXi,Petrol,Manual,1197,2019,2024,Hatchback,5
Maruti Suzuki,Wagon R,1.2 ZXi+,Petrol,Manual,1197,2019,2024,Hatchback,5
Maruti Suzuki,Wagon R,LXi CNG,CNG,Manual,998,2019,2024,Hatchback,5
Maruti Suzuki,Alto,Std,Petrol,Manual,796,2012,2023,Hatchback,5
Maruti Suzuki,Alto,LXi,Petrol,Manual,796,2012,2023,Hatchback,5
Maruti Suzuki,Alto,VXi,Petrol,Manual,796,2012,2023,Hatchback,5
Maruti Suzuki,Alto,VXi+,Petrol,Manual,796,2012,2023,Hatchback,5
Maruti Suzuki,Alto,K10 LXi,Petrol,Manual,998,2010,2019,Hatchback,5
Maruti Suzuki,Alto,K10 VXi,Petrol,Manual,998,2010,2019,Hatchback,5
Maruti Suzuki,Alto,K10 Std,Petrol,Manual,998,2022,2024,Hatchback,5
Maruti Suzuki,Alto,K10 LXi,Petrol,Manual,998,2022,2024,Hatchback,5
Maruti Suzuki,Alto,K10 VXi,Petrol,Manual,998,2022,2024,Hatchback,5
Maruti Suzuki,Alto,K10 VXi+,Petrol,Manual,998,2022,2024,Hatchback,5
Maruti Suzuki,Celerio,LXi,Petrol,Manual,998,2014,2021,Hatchback,5
Maruti Suzuki,Celerio,VXi,Petrol,Manual,998,2014,2021,Hatchback,5
Maruti Suzuki,Celerio,ZXi,Petrol,Manual,998,2014,2021,Hatchback,5
Maruti Suzuki,Celerio,VXi AMT,Petrol,Automatic,998,2014,2021,Hatchback,5
Maruti Suzuki,Celerio,ZXi AMT,Petrol,Automatic,998,2014,2021,Hatchback,5
Maruti Suzuki,Celerio,LXi,Petrol,Manual,998,2021,2024,Hatchback,5
Maruti Suzuki,Celerio,VXi,Petrol,Manual,998,2021,2024,Hatchback,5
Maruti Suzuki,Celerio,ZXi,Petrol,Manual,998,2021,2024,Hatchback,5
Maruti Suzuki,Celerio,ZXi+,Petrol,Manual,998,2021,2024,Hatchback,5
Maruti Suzuki,Ertiga,LXi,Petrol,Manual,1373,2012,2018,MPV,7
Maruti Suzuki,Ertiga,VXi,Petrol,Manual,1373,2012,2018,MPV,7
Maruti Suzuki,Ertiga,ZXi,Petrol,Manual,1373,2012,2018,MPV,7
Maruti Suzuki,Ertiga,LDi,Diesel,Manual,1248,2012,2018,MPV,7
Maruti Suzuki,Ertiga,VDi,Diesel,Manual,1248,2012,2018,MPV,7
Maruti Suzuki,Ertiga,ZDi,Diesel,Manual,1248,2012,2018,MPV,7
Maruti Suzuki,Ertiga,LXi,Petrol,Manual,1462,2018,2024,MPV,7
Maruti Suzuki,Ertiga,VXi,Petrol,Manual,1462,2018,2024,MPV,7
Maruti Suzuki,Ertiga,ZXi,Petrol,Manual,1462,2018,2024,MPV,7
Maruti Suzuki,Ertiga,ZXi+,Petrol,Manual,1462,2018,2024,MPV,7
Maruti Suzuki,Ertiga,VXi AT,Petrol,Automatic,1462,2018,2024,MPV,7
Maruti Suzuki,Ertiga,ZXi AT,Petrol,Automatic,1462,2018,2024,MPV,7
Maruti Suzuki,Ertiga,ZXi+ AT,Petrol,Automatic,1462,2018,2024,MPV,7
Maruti Suzuki,Ertiga,LDi,Diesel,Manual,1248,2018,2020,MPV,7
Maruti Suzuki,Ertiga,VDi,Diesel,Manual,1248,2018,2020,MPV,7
Maruti Suzuki,Ertiga,ZDi,Diesel,Manual,1248,2018,2020,MPV,7
Maruti Suzuki,Ertiga,ZDi+,Diesel,Manual,1248,2018,2020,MPV,7
Maruti Suzuki,Vitara Brezza,LDi,Diesel,Manual,1248,2016,2022,SUV,5
Maruti Suzuki,Vitara Brezza,VDi,Diesel,Manual,1248,2016,2022,SUV,5
Maruti Suzuki,Vitara Brezza,ZDi,Diesel,Manual,1248,2016,2022,SUV,5
Maruti Suzuki,Vitara Brezza,ZDi+,Diesel,Manual,1248,2016,2022,SUV,5
Maruti Suzuki,Vitara Brezza,LXi,Petrol,Manual,1462,2020,2022,SUV,5
Maruti Suzuki,Vitara Brezza,VXi,Petrol,Manual,1462,2020,2022,SUV,5
Maruti Suzuki,Vitara Brezza,ZXi,Petrol,Manual,1462,2020,2022,SUV,5
Maruti Suzuki,Vitara Brezza,ZXi+,Petrol,Manual,1462,2020,2022,SUV,5
Maruti Suzuki,Vitara Brezza,VXi AT,Petrol,Automatic,1462,2020,2022,SUV,5
Maruti Suzuki,Vitara Brezza,ZXi AT,Petrol,Automatic,1462,2020,2022,SUV,5
Maruti Suzuki,Vitara Brezza,ZXi+ AT,Petrol,Automatic,1462,2020,2022,SUV,5
Maruti Suzuki,Ciaz,Sigma,Petrol,Manual,1373,2014,2017,Sedan,5
Maruti Suzuki,Ciaz,Delta,Petrol,Manual,1373,2014,2017,Sedan,5
Maruti Suzuki,Ciaz,Zeta,Petrol,Manual,1373,2014,2017,Sedan,5
Maruti Suzuki,Ciaz,Alpha,Petrol,Manual,1373,2014,2017,Sedan,5
Maruti Suzuki,Ciaz,Sigma,Petrol,Manual,1462,2018,2023,Sedan,5
Maruti Suzuki,Ciaz,Delta,Petrol,Manual,1462,2018,2023,Sedan,5
Maruti Suzuki,Ciaz,Zeta,Petrol,Manual,1462,2018,2023,Sedan,5
Maruti Suzuki,Ciaz,Alpha,Petrol,Manual,1462,2018,2023,Sedan,5
Maruti Suzuki,Ciaz,Delta AT,Petrol,Automatic,1462,2018,2023,Sedan,5
Maruti Suzuki,Ciaz,Zeta AT,Petrol,Automatic,1462,2018,2023,Sedan,5
Maruti Suzuki,Ciaz,Alpha AT,Petrol,Automatic,1462,2018,2023,Sedan,5
Maruti Suzuki,Ciaz,Sigma,Diesel,Manual,1248,2014,2020,Sedan,5
Maruti Suzuki,Ciaz,Delta,Diesel,Manual,1248,2014,2020,Sedan,5
Maruti Suzuki,Ciaz,Zeta,Diesel,Manual,1248,2014,2020,Sedan,5
Maruti Suzuki,Ciaz,Alpha,Diesel,Manual,1248,2014,2020,Sedan,5
Maruti Suzuki,S-Presso,Std,Petrol,Manual,998,2019,2024,Hatchback,5
Maruti Suzuki,S-Presso,LXi,Petrol,Manual,998,2019,2024,Hatchback,5
Maruti Suzuki,S-Presso,VXi,Petrol,Manual,998,2019,2024,Hatchback,5
Maruti Suzuki,S-Presso,VXi+,Petrol,Manual,998,2019,2024,Hatchback,5
Maruti Suzuki,S-Presso,VXi AMT,Petrol,Automatic,998,2019,2024,Hatchback,5
Maruti Suzuki,S-Presso,VXi+ AMT,Petrol,Automatic,998,2019,2024,Hatchback,5
Maruti Suzuki,Ignis,Sigma,Petrol,Manual,1197,2017,2024,Hatchback,5
Maruti Suzuki,Ignis,Delta,Petrol,Manual,1197,2017,2024,Hatchback,5
Maruti Suzuki,Ignis,Zeta,Petrol,Manual,1197,2017,2024,Hatchback,5
Maruti Suzuki,Ignis,Alpha,Petrol,Manual,1197,2017,2024,Hatchback,5
Maruti Suzuki,Ignis,Delta AMT,Petrol,Automatic,1197,2017,2024,Hatchback,5
Maruti Suzuki,Ignis,Zeta AMT,Petrol,Automatic,1197,2017,2024,Hatchback,5
Maruti Suzuki,Ignis,Alpha AMT,Petrol,Automatic,1197,2017,2024,Hatchback,5
Maruti Suzuki,Ignis,Delta,Diesel,Manual,1248,2017,2019,Hatchback,5
Maruti Suzuki,Ignis,Zeta,Diesel,Manual,1248,2017,2019,Hatchback,5
Maruti Suzuki,Ignis,Alpha,Diesel,Manual,1248,2017,2019,Hatchback,5
Maruti Suzuki,Eeco,5 Seater Std,Petrol,Manual,1196,2010,2024,MPV,5
Maruti Suzuki,Eeco,5 Seater AC,Petrol,Manual,1196,2010,2024,MPV,5
Maruti Suzuki,Eeco,7 Seater Std,Petrol,Manual,1196,2010,2024,MPV,5
Hyundai,i20,Era,Petrol,Manual,1197,2014,2020,Hatchback,5
Hyundai,i20,Magna,Petrol,Manual,1197,2014,2020,Hatchback,5
Hyundai,i20,Sportz,Petrol,Manual,1197,2014,2020,Hatchback,5
Hyundai,i20,Asta,Petrol,Manual,1197,2014,2020,Hatchback,5
Hyundai,i20,Era,Diesel,Manual,1396,2014,2020,Hatchback,5
Hyundai,i20,Magna,Diesel,Manual,1396,2014,2020,Hatchback,5
Hyundai,i20,Sportz,Diesel,Manual,1396,2014,2020,Hatchback,5
Hyundai,i20,Asta,Diesel,Manual,1396,2014,2020,Hatchback,5
Hyundai,i20,Magna,Petrol,Manual,1197,2020,2024,Hatchback,5
Hyundai,i20,Sportz,Petrol,Manual,1197,2020,2024,Hatchback,5
Hyundai,i20,Asta,Petrol,Manual,1197,2020,2024,Hatchback,5
Hyundai,i20,Asta(O),Petrol,Manual,1197,2020,2024,Hatchback,5
Hyundai,i20,Sportz IVT,Petrol,Automatic,1197,2020,2024,Hatchback,5
Hyundai,i20,Asta IVT,Petrol,Automatic,1197,2020,2024,Hatchback,5
Hyundai,i20,Magna,Diesel,Manual,1493,2020,2023,Hatchback,5
Hyundai,i20,Sportz,Diesel,Manual,1493,2020,2023,Hatchback,5
Hyundai,i20,Asta,Diesel,Manual,1493,2020,2023,Hatchback,5
Hyundai,Grand i10,Era,Petrol,Manual,1197,2013,2019,Hatchback,5
Hyundai,Grand i10,Magna,Petrol,Manual,1197,2013,2019,Hatchback,5
Hyundai,Grand i10,Sportz,Petrol,Manual,1197,2013,2019,Hatchback,5
Hyundai,Grand i10,Asta,Petrol,Manual,1197,2013,2019,Hatchback,5
Hyundai,Grand i10,Sportz AT,Petrol,Automatic,1197,2014,2019,Hatchback,5
Hyundai,Grand i10,Asta AT,Petrol,Automatic,1197,2014,2019,Hatchback,5
Hyundai,Grand i10,Era,Diesel,Manual,1186,2013,2019,Hatchback,5
Hyundai,Grand i10,Magna,Diesel,Manual,1186,2013,2019,Hatchback,5
Hyundai,Grand i10,Sportz,Diesel,Manual,1186,2013,2019,Hatchback,5
Hyundai,Grand i10,Asta,Diesel,Manual,1186,2013,2019,Hatchback,5
Hyundai,Grand i10 Nios,Era,Petrol,Manual,1197,2019,2024,Hatchback,5
Hyundai,Grand i10 Nios,Magna,Petrol,Manual,1197,2019,2024,Hatchback,5
Hyundai,Grand i10 Nios,Sportz,Petrol,Manual,1197,2019,2024,Hatchback,5
Hyundai,Grand i10 Nios,Asta,Petrol,Manual,1197,2019,2024,Hatchback,5
Hyundai,Grand i10 Nios,Magna AMT,Petrol,Automatic,1197,2019,2024,Hatchback,5
Hyundai,Grand i10 Nios,Sportz AMT,Petrol,Automatic,1197,2019,2024,Hatchback,5
Hyundai,Grand i10 Nios,Era,Diesel,Manual,1186,2019,2022,Hatchback,5
Hyundai,Grand i10 Nios,Magna,Diesel,Manual,1186,2019,2022,Hatchback,5
Hyundai,Grand i10 Nios,Sportz,Diesel,Manual,1186,2019,2022,Hatchback,5
Hyundai,Grand i10 Nios,Asta,Diesel,Manual,1186,2019,2022,Hatchback,5
Hyundai,Creta,E+,Petrol,Manual,1591,2015,2019,SUV,5
Hyundai,Creta,S,Petrol,Manual,1591,2015,2019,SUV,5
Hyundai,Creta,SX,Petrol,Manual,1591,2015,2019,SUV,5
Hyundai,Creta,SX(O),Petrol,Manual,1591,2015,2019,SUV,5
Hyundai,Creta,E+,Diesel,Manual,1396,2015,2019,SUV,5
Hyundai,Creta,S,Diesel,Manual,1396,2015,2019,SUV,5
Hyundai,Creta,SX,Diesel,Manual,1396,2015,2019,SUV,5
Hyundai,Creta,SX+,Diesel,Manual,1582,2015,2019,SUV,5
Hyundai,Creta,SX(O),Diesel,Manual,1582,2015,2019,SUV,5
Hyundai,Creta,SX+ AT,Diesel,Automatic,1582,2015,2019,SUV,5
Hyundai,Creta,SX(O) AT,Diesel,Automatic,1582,2015,2019,SUV,5
Hyundai,Creta,E,Petrol,Manual,1497,2020,2024,SUV,5
Hyundai,Creta,EX,Petrol,Manual,1497,2020,2024,SUV,5
Hyundai,Creta,S,Petrol,Manual,1497,2020,2024,SUV,5
Hyundai,Creta,SX,Petrol,Manual,1497,2020,2024,SUV,5
Hyundai,Creta,SX(O),Petrol,Manual,1497,2020,2024,SUV,5
Hyundai,Creta,E,Diesel,Manual,1493,2020,2024,SUV,5
Hyundai,Creta,EX,Diesel,Manual,1493,2020,2024,SUV,5
Hyundai,Creta,S,Diesel,Manual,1493,2020,2024,SUV,5
Hyundai,Creta,SX,Diesel,Manual,1493,2020,2024,SUV,5
Hyundai,Creta,SX(O),Diesel,Manual,1493,2020,2024,SUV,5
Hyundai,Creta,SX AT,Diesel,Automatic,1493,2020,2024,SUV,5
Hyundai,Creta,SX(O) AT,Diesel,Automatic,1493,2020,2024,SUV,5
Hyundai,Verna,1.4 EX,Petrol,Manual,1396,2011,2017,Sedan,5
Hyundai,Verna,1.4 SX,Petrol,Manual,1396,2011,2017,Sedan,5
Hyundai,Verna,1.6 SX,Petrol,Manual,1591,2011,2017,Sedan,5
Hyundai,Verna,1.6 SX(O),Petrol,Manual,1591,2011,2017,Sedan,5
Hyundai,Verna,1.6 SX,Diesel,Manual,1582,2011,2017,Sedan,5
Hyundai,Verna,1.6 SX(O),Diesel,Manual,1582,2011,2017,Sedan,5
Hyundai,Verna,EX,Petrol,Manual,1497,2017,2019,Sedan,5
Hyundai,Verna,SX,Petrol,Manual,1497,2017,2019,Sedan,5
Hyundai,Verna,SX+,Petrol,Manual,1497,2017,2019,Sedan,5
Hyundai,Verna,EX,Diesel,Manual,1582,2017,2019,Sedan,5
Hyundai,Verna,SX,Diesel,Manual,1582,2017,2019,Sedan,5
Hyundai,Verna,SX+,Diesel,Manual,1582,2017,2019,Sedan,5
Hyundai,Verna,SX(O),Diesel,Manual,1582,2017,2019,Sedan,5
Hyundai,Verna,S,Petrol,Manual,1497,2020,2024,Sedan,5
Hyundai,Verna,SX,Petrol,Manual,1497,2020,2024,Sedan,5
Hyundai,Verna,SX(O),Petrol,Manual,1497,2020,2024,Sedan,5
Hyundai,Venue,E,Petrol,Manual,1197,2019,2024,SUV,5
Hyundai,Venue,S,Petrol,Manual,1197,2019,2024,SUV,5
Hyundai,Venue,SX,Petrol,Manual,1197,2019,2024,SUV,5
Hyundai,Venue,SX(O),Petrol,Manual,1197,2019,2024,SUV,5
Hyundai,Venue,SX DCT,Petrol,Automatic,998,2019,2024,SUV,5
Hyundai,Venue,SX(O) DCT,Petrol,Automatic,998,2019,2024,SUV,5
Hyundai,Venue,S,Diesel,Manual,1493,2019,2024,SUV,5
Hyundai,Venue,SX,Diesel,Manual,1493,2019,2024,SUV,5
Hyundai,Venue,SX(O),Diesel,Manual,1493,2019,2024,SUV,5
Hyundai,Eon,D-Lite,Petrol,Manual,814,2011,2019,Hatchback,5
Hyundai,Eon,Era,Petrol,Manual,814,2011,2019,Hatchback,5
Hyundai,Eon,Magna,Petrol,Manual,814,2011,2019,Hatchback,5
Hyundai,Eon,Sportz,Petrol,Manual,814,2011,2019,Hatchback,5
Hyundai,Santro,D-Lite,Petrol,Manual,1086,2018,2022,Hatchback,5
Hyundai,Santro,Era,Petrol,Manual,1086,2018,2022,Hatchback,5
Hyundai,Santro,Magna,Petrol,Manual,1086,2018,2022,Hatchback,5
Hyundai,Santro,Sportz,Petrol,Manual,1086,2018,2022,Hatchback,5
Hyundai,Santro,Asta,Petrol,Manual,1086,2018,2022,Hatchback,5
Hyundai,Santro,Magna AMT,Petrol,Automatic,1086,2018,2022,Hatchback,5
Hyundai,Santro,Sportz AMT,Petrol,Automatic,1086,2018,2022,Hatchback,5
Hyundai,Aura,E,Petrol,Manual,1197,2020,2024,Sedan,5
Hyundai,Aura,S,Petrol,Manual,1197,2020,2024,Sedan,5
Hyundai,Aura,SX,Petrol,Manual,1197,2020,2024,Sedan,5
Hyundai,Aura,SX(O),Petrol,Manual,1197,2020,2024,Sedan,5
Hyundai,Aura,S,Diesel,Manual,1186,2020,2023,Sedan,5
Hyundai,Aura,SX,Diesel,Manual,1186,2020,2023,Sedan,5
Hyundai,Aura,SX(O),Diesel,Manual,1186,2020,2023,Sedan,5
Hyundai,Xcent,Base,Petrol,Manual,1197,2014,2019,Sedan,5
Hyundai,Xcent,S,Petrol,Manual,1197,2014,2019,Sedan,5
Hyundai,Xcent,SX,Petrol,Manual,1197,2014,2019,Sedan,5
Hyundai,Xcent,SX(O),Petrol,Manual,1197,2014,2019,Sedan,5
Hyundai,Xcent,Base,Diesel,Manual,1186,2014,2019,Sedan,5
Hyundai,Xcent,S,Diesel,Manual,1186,2014,2019,Sedan,5
Hyundai,Xcent,SX,Diesel,Manual,1186,2014,2019,Sedan,5
Hyundai,Xcent,SX(O),Diesel,Manual,1186,2014,2019,Sedan,5
Honda,City,S,Petrol,Manual,1497,2014,2019,Sedan,5
Honda,City,SV,Petrol,Manual,1497,2014,2019,Sedan,5
Honda,City,V,Petrol,Manual,1497,2014,2019,Sedan,5
Honda,City,VX,Petrol,Manual,1497,2014,2019,Sedan,5
Honda,City,ZX,Petrol,Manual,1497,2014,2019,Sedan,5
Honda,City,V CVT,Petrol,Automatic,1497,2014,2019,Sedan,5
Honda,City,VX CVT,Petrol,Automatic,1497,2014,2019,Sedan,5
Honda,City,ZX CVT,Petrol,Automatic,1497,2014,2019,Sedan,5
Honda,City,S,Diesel,Manual,1498,2014,2019,Sedan,5
Honda,City,SV,Diesel,Manual,1498,2014,2019,Sedan,5
Honda,City,V,Diesel,Manual,1498,2014,2019,Sedan,5
Honda,City,VX,Diesel,Manual,1498,2014,2019,Sedan,5
Honda,City,ZX,Diesel,Manual,1498,2014,2019,Sedan,5
Honda,City,SV,Petrol,Manual,1498,2020,2024,Sedan,5
Honda,City,V,Petrol,Manual,1498,2020,2024,Sedan,5
Honda,City,VX,Petrol,Manual,1498,2020,2024,Sedan,5
Honda,City,ZX,Petrol,Manual,1498,2020,2024,Sedan,5
Honda,City,V CVT,Petrol,Automatic,1498,2020,2024,Sedan,5
Honda,City,VX CVT,Petrol,Automatic,1498,2020,2024,Sedan,5
Honda,City,ZX CVT,Petrol,Automatic,1498,2020,2024,Sedan,5
Honda,City,V,Diesel,Manual,1498,2020,2023,Sedan,5
Honda,City,VX,Diesel,Manual,1498,2020,2023,Sedan,5
Honda,City,ZX,Diesel,Manual,1498,2020,2023,Sedan,5
Honda,Amaze,E,Petrol,Manual,1198,2013,2018,Sedan,5
Honda,Amaze,S,Petrol,Manual,1198,2013,2018,Sedan,5
Honda,Amaze,V,Petrol,Manual,1198,2013,2018,Sedan,5
Honda,Amaze,VX,Petrol,Manual,1198,2013,2018,Sedan,5
Honda,Amaze,E,Diesel,Manual,1498,2013,2018,Sedan,5
Honda,Amaze,S,Diesel,Manual,1498,2013,2018,Sedan,5
Honda,Amaze,V,Diesel,Manual,1498,2013,2018,Sedan,5
Honda,Amaze,VX,Diesel,Manual,1498,2013,2018,Sedan,5
Honda,Amaze,E,Petrol,Manual,1199,2018,2024,Sedan,5
Honda,Amaze,S,Petrol,Manual,1199,2018,2024,Sedan,5
Honda,Amaze,V,Petrol,Manual,1199,2018,2024,Sedan,5
Honda,Amaze,VX,Petrol,Manual,1199,2018,2024,Sedan,5
Honda,Amaze,E,Diesel,Manual,1498,2018,2024,Sedan,5
Honda,Amaze,S,Diesel,Manual,1498,2018,2024,Sedan,5
Honda,Amaze,V,Diesel,Manual,1498,2018,2024,Sedan,5
Honda,Amaze,VX,Diesel,Manual,1498,2018,2024,Sedan,5
Honda,Jazz,S,Petrol,Manual,1199,2015,2020,Hatchback,5
Honda,Jazz,V,Petrol,Manual,1199,2015,2020,Hatchback,5
Honda,Jazz,VX,Petrol,Manual,1199,2015,2020,Hatchback,5
Honda,Jazz,V CVT,Petrol,Automatic,1199,2015,2020,Hatchback,5
Honda,Jazz,VX CVT,Petrol,Automatic,1199,2015,2020,Hatchback,5
Honda,Jazz,S,Diesel,Manual,1498,2015,2020,Hatchback,5
Honda,Jazz,V,Diesel,Manual,1498,2015,2020,Hatchback,5
Honda,Jazz,VX,Diesel,Manual,1498,2015,2020,Hatchback,5
Honda,WR-V,S,Petrol,Manual,1199,2017,2023,SUV,5
Honda,WR-V,VX,Petrol,Manual,1199,2017,2023,SUV,5
Honda,WR-V,S,Diesel,Manual,1498,2017,2023,SUV,5
Honda,WR-V,VX,Diesel,Manual,1498,2017,2023,SUV,5
Honda,Brio,E,Petrol,Manual,1198,2011,2019,Hatchback,5
Honda,Brio,S,Petrol,Manual,1198,2011,2019,Hatchback,5
Honda,Brio,V,Petrol,Manual,1198,2011,2019,Hatchback,5
Honda,Brio,VX,Petrol,Manual,1198,2011,2019,Hatchback,5
Tata,Nexon,XE,Petrol,Manual,1198,2017,2023,SUV,5
Tata,Nexon,XM,Petrol,Manual,1198,2017,2023,SUV,5
Tata,Nexon,XT,Petrol,Manual,1198,2017,2023,SUV,5
Tata,Nexon,XZ,Petrol,Manual,1198,2017,2023,SUV,5
Tata,Nexon,XZ+,Petrol,Manual,1198,2017,2023,SUV,5
Tata,Nexon,XZA+,Petrol,Automatic,1198,2018,2023,SUV,5
Tata,Nexon,XMA,Petrol,Automatic,1198,2018,2023,SUV,5
Tata,Nexon,XE,Diesel,Manual,1497,2017,2023,SUV,5
Tata,Nexon,XM,Diesel,Manual,1497,2017,2023,SUV,5
Tata,Nexon,XT,Diesel,Manual,1497,2017,2023,SUV,5
Tata,Nexon,XZ,Diesel,Manual,1497,2017,2023,SUV,5
Tata,Nexon,XZ+,Diesel,Manual,1497,2017,2023,SUV,5
Tata,Tiago,XE,Petrol,Manual,1199,2016,2024,Hatchback,5
Tata,Tiago,XM,Petrol,Manual,1199,2016,2024,Hatchback,5
Tata,Tiago,XT,Petrol,Manual,1199,2016,2024,Hatchback,5
Tata,Tiago,XZ,Petrol,Manual,1199,2016,2024,Hatchback,5
Tata,Tiago,XZ+,Petrol,Manual,1199,2016,2024,Hatchback,5
Tata,Tiago,XTA,Petrol,Automatic,1199,2016,2024,Hatchback,5
Tata,Tiago,XZA,Petrol,Automatic,1199,2016,2024,Hatchback,5
Tata,Tiago,XZA+,Petrol,Automatic,1199,2016,2024,Hatchback,5
Tata,Tiago,XE,Diesel,Manual,1047,2016,2019,Hatchback,5
Tata,Tiago,XM,Diesel,Manual,1047,2016,2019,Hatchback,5
Tata,Tiago,XT,Diesel,Manual,1047,2016,2019,Hatchback,5
Tata,Tiago,XZ,Diesel,Manual,1047,2016,2019,Hatchback,5
Tata,Tigor,XE,Petrol,Manual,1199,2017,2024,Sedan,5
Tata,Tigor,XM,Petrol,Manual,1199,2017,2024,Sedan,5
Tata,Tigor,XT,Petrol,Manual,1199,2017,2024,Sedan,5
Tata,Tigor,XZ,Petrol,Manual,1199,2017,2024,Sedan,5
Tata,Tigor,XZ+,Petrol,Manual,1199,2017,2024,Sedan,5
Tata,Tigor,XZA,Petrol,Automatic,1199,2017,2024,Sedan,5
Tata,Tigor,XZA+,Petrol,Automatic,1199,2017,2024,Sedan,5
Tata,Tigor,XE,Diesel,Manual,1047,2017,2019,Sedan,5
Tata,Tigor,XM,Diesel,Manual,1047,2017,2019,Sedan,5
Tata,Tigor,XT,Diesel,Manual,1047,2017,2019,Sedan,5
Tata,Tigor,XZ,Diesel,Manual,1047,2017,2019,Sedan,5
Tata,Harrier,XE,Diesel,Manual,1956,2019,2024,SUV,5
Tata,Harrier,XM,Diesel,Manual,1956,2019,2024,SUV,5
Tata,Harrier,XT,Diesel,Manual,1956,2019,2024,SUV,5
Tata,Harrier,XZ,Diesel,Manual,1956,2019,2024,SUV,5
Tata,Harrier,XZ+,Diesel,Manual,1956,2019,2024,SUV,5
Tata,Harrier,XMA,Diesel,Automatic,1956,2019,2024,SUV,5
Tata,Harrier,XZA,Diesel,Automatic,1956,2019,2024,SUV,5
Tata,Harrier,XZA+,Diesel,Automatic,1956,2019,2024,SUV,5
Tata,Altroz,XE,Petrol,Manual,1199,2020,2024,Hatchback,5
Tata,Altroz,XM,Petrol,Manual,1199,2020,2024,Hatchback,5
Tata,Altroz,XT,Petrol,Manual,1199,2020,2024,Hatchback,5
Tata,Altroz,XZ,Petrol,Manual,1199,2020,2024,Hatchback,5
Tata,Altroz,XZ+,Petrol,Manual,1199,2020,2024,Hatchback,5
Tata,Altroz,XE,Diesel,Manual,1497,2020,2024,Hatchback,5
Tata,Altroz,XM,Diesel,Manual,1497,2020,2024,Hatchback,5
Tata,Altroz,XT,Diesel,Manual,1497,2020,2024,Hatchback,5
Tata,Altroz,XZ,Diesel,Manual,1497,2020,2024,Hatchback,5
Tata,Altroz,XZ+,Diesel,Manual,1497,2020,2024,Hatchback,5
Tata,Punch,Pure,Petrol,Manual,1199,2021,2024,SUV,5
Tata,Punch,Adventure,Petrol,Manual,1199,2021,2024,SUV,5
Tata,Punch,Accomplished,Petrol,Manual,1199,2021,2024,SUV,5
Tata,Punch,Creative,Petrol,Manual,1199,2021,2024,SUV,5
Tata,Punch,Adventure AMT,Petrol,Automatic,1199,2021,2024,SUV,5
Tata,Punch,Creative AMT,Petrol,Automatic,1199,2021,2024,SUV,5
Mahindra,XUV500,W4,Diesel,Manual,2179,2011,2021,SUV,7
Mahindra,XUV500,W6,Diesel,Manual,2179,2011,2021,SUV,7
Mahindra,XUV500,W8,Diesel,Manual,2179,2011,2021,SUV,7
Mahindra,XUV500,W10,Diesel,Manual,2179,2011,2021,SUV,7
Mahindra,XUV500,W11,Diesel,Manual,2179,2011,2021,SUV,7
Mahindra,XUV500,W10 AT,Diesel,Automatic,2179,2015,2021,SUV,7
Mahindra,XUV500,W11 AT,Diesel,Automatic,2179,2015,2021,SUV,7
Mahindra,Scorpio,S2,Diesel,Manual,2179,2014,2022,SUV,7
Mahindra,Scorpio,S4,Diesel,Manual,2179,2014,2022,SUV,7
Mahindra,Scorpio,S6,Diesel,Manual,2179,2014,2022,SUV,7
Mahindra,Scorpio,S8,Diesel,Manual,2179,2014,2022,SUV,7
Mahindra,Scorpio,S10,Diesel,Manual,2179,2014,2022,SUV,7
Mahindra,Scorpio,SLX,Diesel,Manual,2523,2010,2013,SUV,7
Mahindra,Scorpio,VLX,Diesel,Manual,2523,2010,2013,SUV,7
Mahindra,Bolero,SLE,Diesel,Manual,2523,2011,2019,SUV,7
Mahindra,Bolero,SLX,Diesel,Manual,2523,2011,2019,SUV,7
Mahindra,Bolero,ZLX,Diesel,Manual,2523,2011,2019,SUV,7
Mahindra,Bolero,B4,Diesel,Manual,1493,2019,2024,SUV,7
Mahindra,Bolero,B6,Diesel,Manual,1493,2019,2024,SUV,7
Mahindra,Bolero,B6(O),Diesel,Manual,1493,2019,2024,SUV,7
Mahindra,XUV300,W4,Petrol,Manual,1197,2019,2024,SUV,5
Mahindra,XUV300,W6,Petrol,Manual,1197,2019,2024,SUV,5
Mahindra,XUV300,W8,Petrol,Manual,1197,2019,2024,SUV,5
Mahindra,XUV300,W8(O),Petrol,Manual,1197,2019,2024,SUV,5
Mahindra,XUV300,W4,Diesel,Manual,1497,2019,2024,SUV,5
Mahindra,XUV300,W6,Diesel,Manual,1497,2019,2024,SUV,5
Mahindra,XUV300,W8,Diesel,Manual,1497,2019,2024,SUV,5
Mahindra,XUV300,W8(O),Diesel,Manual,1497,2019,2024,SUV,5
Mahindra,Thar,CRDe,Diesel,Manual,2498,2012,2019,SUV,4
Mahindra,Thar,DI,Diesel,Manual,2498,2012,2019,SUV,4
Mahindra,Thar,AX(O),Petrol,Manual,1997,2020,2024,SUV,4
Mahindra,Thar,LX,Petrol,Manual,1997,2020,2024,SUV,4
Mahindra,Thar,AX(O),Diesel,Manual,2184,2020,2024,SUV,4
Mahindra,Thar,LX,Diesel,Manual,2184,2020,2024,SUV,4
Toyota,Innova Crysta,GX,Diesel,Manual,2393,2016,2024,MPV,7
Toyota,Innova Crysta,VX,Diesel,Manual,2393,2016,2024,MPV,7
Toyota,Innova Crysta,ZX,Diesel,Manual,2393,2016,2024,MPV,7
Toyota,Innova Crysta,VX AT,Diesel,Automatic,2755,2016,2024,MPV,7
Toyota,Innova Crysta,ZX AT,Diesel,Automatic,2755,2016,2024,MPV,7
Toyota,Innova Crysta,GX,Petrol,Manual,2694,2016,2024,MPV,7
Toyota,Innova Crysta,VX,Petrol,Manual,2694,2016,2024,MPV,7
Toyota,Innova Crysta,ZX,Petrol,Manual,2694,2016,2024,MPV,7
Toyota,Fortuner,4x2 MT,Diesel,Manual,2755,2016,2024,SUV,7
Toyota,Fortuner,4x4 MT,Diesel,Manual,2755,2016,2024,SUV,7
Toyota,Fortuner,4x2 AT,Diesel,Automatic,2755,2016,2024,SUV,7
Toyota,Fortuner,4x4 AT,Diesel,Automatic,2755,2016,2024,SUV,7
Toyota,Fortuner,4x2 AT,Petrol,Automatic,2694,2016,2024,SUV,7
Toyota,Etios,J,Petrol,Manual,1496,2011,2020,Sedan,5
Toyota,Etios,G,Petrol,Manual,1496,2011,2020,Sedan,5
Toyota,Etios,V,Petrol,Manual,1496,2011,2020,Sedan,5
Toyota,Etios,VX,Petrol,Manual,1496,2011,2020,Sedan,5
Toyota,Etios,GD,Diesel,Manual,1364,2011,2020,Sedan,5
Toyota,Etios,VD,Diesel,Manual,1364,2011,2020,Sedan,5
Toyota,Etios,VXD,Diesel,Manual,1364,2011,2020,Sedan,5
Toyota,Glanza,G,Petrol,Manual,1197,2019,2022,Hatchback,5
Toyota,Glanza,V,Petrol,Manual,1197,2019,2022,Hatchback,5
Toyota,Glanza,G CVT,Petrol,Automatic,1197,2019,2022,Hatchback,5
Toyota,Glanza,V CVT,Petrol,Automatic,1197,2019,2022,Hatchback,5
Kia,Seltos,HTE,Petrol,Manual,1497,2019,2024,SUV,5
Kia,Seltos,HTK,Petrol,Manual,1497,2019,2024,SUV,5
Kia,Seltos,HTK+,Petrol,Manual,1497,2019,2024,SUV,5
Kia,Seltos,HTX,Petrol,Manual,1497,2019,2024,SUV,5
Kia,Seltos,GTX+,Petrol,Manual,1497,2019,2024,SUV,5
Kia,Seltos,HTE,Diesel,Manual,1493,2019,2024,SUV,5
Kia,Seltos,HTK,Diesel,Manual,1493,2019,2024,SUV,5
Kia,Seltos,HTK+,Diesel,Manual,1493,2019,2024,SUV,5
Kia,Seltos,HTX,Diesel,Manual,1493,2019,2024,SUV,5
Kia,Seltos,GTX+,Diesel,Manual,1493,2019,2024,SUV,5
Kia,Seltos,HTX AT,Diesel,Automatic,1493,2019,2024,SUV,5
Kia,Seltos,GTX+ AT,Diesel,Automatic,1493,2019,2024,SUV,5
Kia,Sonet,HTE,Petrol,Manual,1197,2020,2024,SUV,5
Kia,Sonet,HTK,Petrol,Manual,1197,2020,2024,SUV,5
Kia,Sonet,HTX,Petrol,Manual,1197,2020,2024,SUV,5
Kia,Sonet,GTX+,Petrol,Manual,1197,2020,2024,SUV,5
Kia,Sonet,HTE,Diesel,Manual,1493,2020,2024,SUV,5
Kia,Sonet,HTK,Diesel,Manual,1493,2020,2024,SUV,5
Kia,Sonet,HTX,Diesel,Manual,1493,2020,2024,SUV,5
Kia,Sonet,GTX+,Diesel,Manual,1493,2020,2024,SUV,5
Kia,Sonet,HTX AT,Diesel,Automatic,1493,2020,2024,SUV,5
Kia,Sonet,GTX+ AT,Diesel,Automatic,1493,2020,2024,SUV,5
Kia,Carens,Premium,Petrol,Manual,1497,2022,2024,MPV,7
Kia,Carens,Prestige,Petrol,Manual,1497,2022,2024,MPV,7
Kia,Carens,Luxury,Petrol,Manual,1497,2022,2024,MPV,7
Kia,Carens,Premium,Diesel,Manual,1493,2022,2024,MPV,7
Kia,Carens,Prestige,Diesel,Manual,1493,2022,2024,MPV,7
Kia,Carens,Luxury,Diesel,Manual,1493,2022,2024,MPV,7
